/*!40101 SET @OLD_CHARACTER_SET_CLIENT=@@CHARACTER_SET_CLIENT */;
/*!40101 SET @OLD_CHARACTER_SET_RESULTS=@@CHARACTER_SET_RESULTS */;
/*!40101 SET @OLD_COLLATION_CONNECTION=@@COLLATION_CONNECTION */;
/*!40101 SET NAMES utf8mb4 */;
/*!40014 SET @OLD_UNIQUE_CHECKS=@@UNIQUE_CHECKS, UNIQUE_CHECKS=0 */;
/*!40014 SET @OLD_FOREIGN_KEY_CHECKS=@@FOREIGN_KEY_CHECKS, FOREIGN_KEY_CHECKS=0 */;
/*!40101 SET @OLD_SQL_MODE=@@SQL_MODE, SQL_MODE='NO_AUTO_VALUE_ON_ZERO' */;
/*!40111 SET @OLD_SQL_NOTES=@@SQL_NOTES, SQL_NOTES=0 */;

DROP TABLE IF EXISTS `binh_luan`;
CREATE TABLE `binh_luan` (
  `binh_luan_id` int NOT NULL AUTO_INCREMENT,
  `nguoi_dung_id` int DEFAULT NULL,
  `hinh_id` int DEFAULT NULL,
  `ngay_binh_luan` date NOT NULL,
  `noi_dung` varchar(255) DEFAULT NULL,
  PRIMARY KEY (`binh_luan_id`),
  KEY `nguoi_dung_id` (`nguoi_dung_id`),
  KEY `hinh_id` (`hinh_id`),
  CONSTRAINT `binh_luan_ibfk_1` FOREIGN KEY (`nguoi_dung_id`) REFERENCES `nguoi_dung` (`nguoi_dung_id`) ON DELETE CASCADE ON UPDATE CASCADE,
  CONSTRAINT `binh_luan_ibfk_2` FOREIGN KEY (`hinh_id`) REFERENCES `hinh_anh` (`hinh_id`) ON DELETE CASCADE ON UPDATE CASCADE
) ENGINE=InnoDB AUTO_INCREMENT=6 DEFAULT CHARSET=utf8mb4 COLLATE=utf8mb4_0900_ai_ci;

DROP TABLE IF EXISTS `hinh_anh`;
CREATE TABLE `hinh_anh` (
  `hinh_id` int NOT NULL AUTO_INCREMENT,
  `ten_hinh` varchar(255) NOT NULL,
  `duong_dan` varchar(255) NOT NULL,
  `mo_ta` varchar(500) DEFAULT NULL,
  `nguoi_dung_id` int DEFAULT NULL,
  PRIMARY KEY (`hinh_id`),
  KEY `nguoi_dung_id` (`nguoi_dung_id`),
  CONSTRAINT `hinh_anh_ibfk_1` FOREIGN KEY (`nguoi_dung_id`) REFERENCES `nguoi_dung` (`nguoi_dung_id`) ON DELETE CASCADE ON UPDATE CASCADE
) ENGINE=InnoDB AUTO_INCREMENT=6 DEFAULT CHARSET=utf8mb4 COLLATE=utf8mb4_0900_ai_ci;

DROP TABLE IF EXISTS `luu_anh`;
CREATE TABLE `luu_anh` (
  `luu_anh_id` int NOT NULL AUTO_INCREMENT,
  `nguoi_dung_id` int DEFAULT NULL,
  `hinh_id` int DEFAULT NULL,
  `ngay_luu` date NOT NULL,
  PRIMARY KEY (`luu_anh_id`),
  KEY `nguoi_dung_id` (`nguoi_dung_id`),
  KEY `hinh_id` (`hinh_id`),
  CONSTRAINT `luu_anh_ibfk_1` FOREIGN KEY (`nguoi_dung_id`) REFERENCES `nguoi_dung` (`nguoi_dung_id`) ON DELETE CASCADE ON UPDATE CASCADE,
  CONSTRAINT `luu_anh_ibfk_2` FOREIGN KEY (`hinh_id`) REFERENCES `hinh_anh` (`hinh_id`) ON DELETE CASCADE ON UPDATE CASCADE
) ENGINE=InnoDB AUTO_INCREMENT=6 DEFAULT CHARSET=utf8mb4 COLLATE=utf8mb4_0900_ai_ci;

DROP TABLE IF EXISTS `nguoi_dung`;
CREATE TABLE `nguoi_dung` (
  `nguoi_dung_id` int NOT NULL AUTO_INCREMENT,
  `email` varchar(255) NOT NULL,
  `mat_khau` varchar(255) NOT NULL,
  `ho_ten` varchar(255) NOT NULL,
  `tuoi` int DEFAULT NULL,
  `anh_dai_dien` varchar(255) DEFAULT NULL,
  PRIMARY KEY (`nguoi_dung_id`),
  UNIQUE KEY `email` (`email`)
) ENGINE=InnoDB AUTO_INCREMENT=6 DEFAULT CHARSET=utf8mb4 COLLATE=utf8mb4_0900_ai_ci;

INSERT INTO `binh_luan` (`binh_luan_id`, `nguoi_dung_id`, `hinh_id`, `ngay_binh_luan`, `noi_dung`) VALUES
(1, 1, 2, '2025-01-15', 'Amazing view!');
INSERT INTO `binh_luan` (`binh_luan_id`, `nguoi_dung_id`, `hinh_id`, `ngay_binh_luan`, `noi_dung`) VALUES
(2, 2, 1, '2025-01-16', 'So peaceful and relaxing!');
INSERT INTO `binh_luan` (`binh_luan_id`, `nguoi_dung_id`, `hinh_id`, `ngay_binh_luan`, `noi_dung`) VALUES
(3, 3, 1, '2025-01-17', 'I wish I was there.');
INSERT INTO `binh_luan` (`binh_luan_id`, `nguoi_dung_id`, `hinh_id`, `ngay_binh_luan`, `noi_dung`) VALUES
(4, 4, 3, '2025-01-18', 'The city looks stunning!'),
(5, 5, 4, '2025-01-19', 'Nature at its finest!');

INSERT INTO `hinh_anh` (`hinh_id`, `ten_hinh`, `duong_dan`, `mo_ta`, `nguoi_dung_id`) VALUES
(1, 'Sunset', 'images/sunset.jpg', 'Beautiful sunset at the beach', 1);
INSERT INTO `hinh_anh` (`hinh_id`, `ten_hinh`, `duong_dan`, `mo_ta`, `nguoi_dung_id`) VALUES
(2, 'Mountain', 'images/mountain.jpg', 'Snowy mountain peak', 2);
INSERT INTO `hinh_anh` (`hinh_id`, `ten_hinh`, `duong_dan`, `mo_ta`, `nguoi_dung_id`) VALUES
(3, 'Cityscape', 'images/cityscape.jpg', 'City skyline at night', 3);
INSERT INTO `hinh_anh` (`hinh_id`, `ten_hinh`, `duong_dan`, `mo_ta`, `nguoi_dung_id`) VALUES
(4, 'Forest', 'images/forest.jpg', 'Lush green forest', 4),
(5, 'Ocean', 'images/ocean.jpg', 'Vast blue ocean', 5);

INSERT INTO `luu_anh` (`luu_anh_id`, `nguoi_dung_id`, `hinh_id`, `ngay_luu`) VALUES
(1, 1, 3, '2025-01-18');
INSERT INTO `luu_anh` (`luu_anh_id`, `nguoi_dung_id`, `hinh_id`, `ngay_luu`) VALUES
(2, 2, 3, '2025-01-19');
INSERT INTO `luu_anh` (`luu_anh_id`, `nguoi_dung_id`, `hinh_id`, `ngay_luu`) VALUES
(3, 3, 2, '2025-01-20');
INSERT INTO `luu_anh` (`luu_anh_id`, `nguoi_dung_id`, `hinh_id`, `ngay_luu`) VALUES
(4, 4, 5, '2025-01-21'),
(5, 5, 1, '2025-01-22');

INSERT INTO `nguoi_dung` (`nguoi_dung_id`, `email`, `mat_khau`, `ho_ten`, `tuoi`, `anh_dai_dien`) VALUES
(1, 'alice@example.com', 'password123', 'Alice Nguyen', 25, 'alice_avatar.jpg');
INSERT INTO `nguoi_dung` (`nguoi_dung_id`, `email`, `mat_khau`, `ho_ten`, `tuoi`, `anh_dai_dien`) VALUES
(2, 'bob@example.com', 'securepass456', 'Bob Tran', 30, 'bob_avatar.jpg');
INSERT INTO `nguoi_dung` (`nguoi_dung_id`, `email`, `mat_khau`, `ho_ten`, `tuoi`, `anh_dai_dien`) VALUES
(3, 'charlie@example.com', 'charlie789', 'Charlie Le', 28, 'charlie_avatar.jpg');
INSERT INTO `nguoi_dung` (`nguoi_dung_id`, `email`, `mat_khau`, `ho_ten`, `tuoi`, `anh_dai_dien`) VALUES
(4, 'diana@example.com', 'diana1234', 'Diana Pham', 22, 'diana_avatar.jpg'),
(5, 'edward@example.com', 'edward5678', 'Edward Vu', 35, 'edward_avatar.jpg');


/*!40101 SET SQL_MODE=@OLD_SQL_MODE */;
/*!40014 SET FOREIGN_KEY_CHECKS=@OLD_FOREIGN_KEY_CHECKS */;
/*!40014 SET UNIQUE_CHECKS=@OLD_UNIQUE_CHECKS */;
/*!40101 SET CHARACTER_SET_CLIENT=@OLD_CHARACTER_SET_CLIENT */;
/*!40101 SET CHARACTER_SET_RESULTS=@OLD_CHARACTER_SET_RESULTS */;
/*!40101 SET COLLATION_CONNECTION=@OLD_COLLATION_CONNECTION */;
/*!40111 SET SQL_NOTES=@OLD_SQL_NOTES */;